p2	ALL TAXES AND DUTIES	AWR[]	OMB_AT[]	LCG_AT[]	LCG_APS[]
p2	Disclosure and Discovery	AWR[]	OMB_AT[1]	LCG_AT[1]	LCG_APS[1]
p2	Disclosure of Tax Avoidance Schemes for taxes within syllabus	AWR[]	OMB_AT[]	LCG_AT[2]	LCG_APS[2]
p2		AWR[]	OMB_AT[]	LCG_AT[2]	LCG_APS[2]
p2	Accelerated Payment Notices and Follower Notices	AWR[]	OMB_AT[]	LCG_AT[]	LCG_APS[]
p2	Avoidance v Evasion including relevant tax cases (not dishonest conduct by tax agents)	AWR[]	OMB_AT[2]	LCG_AT[2]	LCG_APS[2]
p2		AWR[]	OMB_AT[2]	LCG_AT[2]	LCG_APS[2]
p2	GAAR	AWR[]	OMB_AT[]	LCG_AT[]	LCG_APS[]
p2	Role and responsibilities of the Senior Accounting Officer	AWR[]	OMB_AT[]	LCG_AT[1]	LCG_APS[1]
p2	Publication of tax strategies of large corporates	AWR[]	OMB_AT[]	LCG_AT[1]	LCG_APS[1]
p2		AWR[]	OMB_AT[]	LCG_AT[1]	LCG_APS[1]
p2	Corporate Criminal Offence	AWR[]	OMB_AT[]	LCG_AT[]	LCG_APS[]
p2	Penalties and Interest on under/overpayments/failure to notify etc	AWR[X X X X X]	OMB_AT[1]	LCG_AT[1]	LCG_APS[1]
p2		AWR[]	OMB_AT[3]	LCG_AT[3]	LCG_APS[3]
p2	Alternative Dispute Resolution	AWR[]	OMB_AT[]	LCG_AT[]	LCG_APS[]
p2	Double tax treaties - application of OECD model and supplied extracts from treaties	AWR[]	OMB_AT[]	LCG_AT[1]	LCG_APS[1]
p2	Double tax relief (Awareness module - basic principles only)	AWR[X]	OMB_AT[]	LCG_AT[1]	LCG_APS[1]
p2	INCOME TAX	AWR[]	OMB_AT[]	LCG_AT[]	LCG_APS[]
p2	Administration	AWR[]	OMB_AT[]	LCG_AT[]	LCG_APS[]
p2	Self-assessment system	AWR[X X]	OMB_AT[1]	LCG_AT[]	LCG_APS[3]
p2	General provisions – ITTOIA part 10	AWR[X X]	OMB_AT[1]	LCG_AT[]	LCG_APS[3]
p2	The operation and application of the PAYE system (including Part 11 ITEPA 2003) (HCT - in depth knowledge)	AWR[X]	OMB_AT[2]	LCG_AT[]	LCG_APS[3]
p2	Notification of uncertain tax treatment	AWR[]	OMB_AT[]	LCG_AT[]	LCG_APS[]
p2	PAYE settlement agreements (ADTEC IND - employee perspective only)	AWR[X]	OMB_AT[2]	LCG_AT[]	LCG_APS[3]
p2		AWR[]	OMB_AT[]	LCG_AT[]	LCG_APS[]
p2	Taxed Award scheme (IND - employee perspective only)	AWR[]	OMB_AT[]	LCG_AT[]	LCG_APS[]
p2	Modified PAYE	AWR[]	OMB_AT[]	LCG_AT[]	LCG_APS[]
p2	Statutory payments and deductions including SSP, SMP, SPBPL, SRP, Student loans, AEO, DEO, payroll giving	AWR[]	OMB_AT[]	LCG_AT[]	LCG_APS[]
p2	Charges to income tax, rates and calculation of liability	AWR[X X]	OMB_AT[1]	LCG_AT[]	LCG_APS[3]
p2	Personal reliefs	AWR[X X]	OMB_AT[1]	LCG_AT[]	LCG_APS[3]
p2	Taxation of income of spouses	AWR[X X]	OMB_AT[1]	LCG_AT[]	LCG_APS[3]
p2	Scottish Income tax	AWR[X]	OMB_AT[X]	LCG_AT[]	LCG_APS[]
p2		AWR[]	OMB_AT[]	LCG_AT[]	LCG_APS[]
p2	Employment Income	AWR[]	OMB_AT[]	LCG_AT[]	LCG_APS[]
p2	Status - employed or self employed	AWR[X X]	OMB_AT[1]	LCG_AT[]	LCG_APS[3]
p2	Charge to tax - excluding Agency Workers, Intermediaries and Managed Service Companies	AWR[X]	OMB_AT[]	LCG_AT[]	LCG_APS[3]
p2	Agency Workers and Managed Service Companies	AWR[]	OMB_AT[]	LCG_AT[]	LCG_APS[]
p2	IR35 (including off payroll working in the public and private sector)	AWR[X]	OMB_AT[1]	LCG_AT[]	LCG_APS[3]
p2	Losses in an employment	AWR[]	OMB_AT[]	LCG_AT[]	LCG_APS[]
p2	Earnings and benefits treated as income	AWR[X]	OMB_AT[1]	LCG_AT[]	LCG_APS[3]
p2	Exemptions	AWR[X]	OMB_AT[1]	LCG_AT[]	LCG_APS[3]
p2	Deductions allowed from earnings	AWR[X]	OMB_AT[1]	LCG_AT[]	LCG_APS[3]
p2	Benefits from Employer Financed Retirement Benefit Schemes	AWR[]	OMB_AT[]	LCG_AT[]	LCG_APS[]
p2	Payments and benefits on termination of employment	AWR[X]	OMB_AT[1]	LCG_AT[]	LCG_APS[3]
p2	Income and exemptions relating to shares and securities (excl Restricted Securities, Convertible Securities, SAYE options	AWR[and Priority share allocat X]	OMB_AT[1]	LCG_AT[]	LCG_APS[3]
p2	Convertible Securities, SAYE options and Priority Share Allocations,	AWR[X]	OMB_AT[]	LCG_AT[]	LCG_APS[3]
p2	Restricted Securities	AWR[X]	OMB_AT[]	LCG_AT[]	LCG_APS[]
p2	Employment income provided through third parties	AWR[]	OMB_AT[]	LCG_AT[]	LCG_APS[]
p2	Former employees: deduction for liabilities	AWR[X]	OMB_AT[]	LCG_AT[]	LCG_APS[3]
p2	Sections 28, 211-215, 290-306, 351, 352, 360, 372, 378-392,549-554, 713-715 ITEPA 2003	AWR[]	OMB_AT[]	LCG_AT[]	LCG_APS[]
p2	Pension Income	AWR[]	OMB_AT[]	LCG_AT[]	LCG_APS[]
p2	Part 9 ITEPA 2003 excluding Sections 605-637 ITEPA 2003	AWR[X]	OMB_AT[]	LCG_AT[]	LCG_APS[]
p2		AWR[]	OMB_AT[]	LCG_AT[]	LCG_APS[]
p2	Social security income	AWR[]	OMB_AT[]	LCG_AT[]	LCG_APS[]
p2	Part 10 ITEPA 2003	AWR[X]	OMB_AT[]	LCG_AT[]	LCG_APS[]
p2		AWR[Page 1]	OMB_AT[]	LCG_AT[]	LCG_APS[]
p3	Rules allowing deductions (HC - only looking at deductibility by employer of employment expenses)	AWR[X]	OMB_AT[1]	LCG_AT[]	LCG_APS[]
p3	Deductions allowable at a fixed rate	AWR[X]	OMB_AT[1]	LCG_AT[]	LCG_APS[]
p3	Receipts	AWR[X]	OMB_AT[1]	LCG_AT[]	LCG_APS[]
p3	Amounts not reflecting commercial transactions	AWR[]	OMB_AT[1]	LCG_AT[]	LCG_APS[]
p3	Gifts to charities	AWR[X]	OMB_AT[2]	LCG_AT[]	LCG_APS[]
p3	Changes in and Valuation of stock and work in progress	AWR[X]	OMB_AT[1]	LCG_AT[]	LCG_APS[]
p3	Basis periods	AWR[X]	OMB_AT[1]	LCG_AT[]	LCG_APS[]
p3		AWR[]	OMB_AT[]	LCG_AT[]	LCG_APS[]
p3	Adjustment income	AWR[X]	OMB_AT[1]	LCG_AT[]	LCG_APS[]
p3	Post-cessation receipts	AWR[X]	OMB_AT[1]	LCG_AT[]	LCG_APS[]
p3	Losses	AWR[X]	OMB_AT[1]	LCG_AT[]	LCG_APS[]
p3	Partnerships including LLPs (Human Capital - salaried members only)	AWR[X]	OMB_AT[1]	LCG_AT[]	LCG_APS[]
p3	Property Income	AWR[]	OMB_AT[]	LCG_AT[]	LCG_APS[]
p3	Part 3 ITTOIA 2005	AWR[X]	OMB_AT[]	LCG_AT[]	LCG_APS[]
p3		AWR[]	OMB_AT[]	LCG_AT[]	LCG_APS[]
p3	Rent-a-Room relief	AWR[X]	OMB_AT[]	LCG_AT[]	LCG_APS[]
p3	Anti-avoidance - transactions in land	AWR[X]	OMB_AT[]	LCG_AT[]	LCG_APS[]
p3	Excluded: Sections 315-319 and 335-343 ITTOIA 2005	AWR[]	OMB_AT[]	LCG_AT[]	LCG_APS[]
p3	Savings and Investment Income	AWR[]	OMB_AT[]	LCG_AT[]	LCG_APS[]
p3	Interest	AWR[X]	OMB_AT[]	LCG_AT[]	LCG_APS[]
p3	Dividends from UK resident companies	AWR[X]	OMB_AT[1]	LCG_AT[]	LCG_APS[3]
p3		AWR[]	OMB_AT[]	LCG_AT[]	LCG_APS[]
p3	Dividends from non UK resident companies	AWR[X]	OMB_AT[]	LCG_AT[]	LCG_APS[3]
p3	Stock dividends from UK resident companies	AWR[X]	OMB_AT[]	LCG_AT[]	LCG_APS[]
p3	Release of loan to a participator in a close company	AWR[X]	OMB_AT[1]	LCG_AT[]	LCG_APS[]
p3	Profits from deeply discounted securities (excluding s.443 - s.459 ITTOIA 2005)	AWR[]	OMB_AT[]	LCG_AT[]	LCG_APS[]
p3	Gains from life assurance excluding Top Slicing Relief - awareness only	AWR[]	OMB_AT[]	LCG_AT[]	LCG_APS[]
p3	Top Slicing Relief	AWR[]	OMB_AT[]	LCG_AT[]	LCG_APS[]
p3	Company purchase of own shares	AWR[X]	OMB_AT[1]	LCG_AT[]	LCG_APS[3]
p3		AWR[]	OMB_AT[]	LCG_AT[]	LCG_APS[]
p3	Excluded: Sections 422-426 and 547-573 ITTOIA 2005	AWR[]	OMB_AT[]	LCG_AT[]	LCG_APS[]
p3	Miscellaneous Income	AWR[]	OMB_AT[]	LCG_AT[]	LCG_APS[]
p3	Receipts from intellectual property	AWR[]	OMB_AT[]	LCG_AT[]	LCG_APS[]
p3	Amounts treated as income of settlor	AWR[X]	OMB_AT[]	LCG_AT[]	LCG_APS[]
p3	Beneficiaries' income from estates in administration	AWR[X]	OMB_AT[]	LCG_AT[]	LCG_APS[]
p3	Estates of deceased persons in course of administration	AWR[X]	OMB_AT[]	LCG_AT[]	LCG_APS[]
p3	Annual payments not otherwise charged	AWR[X]	OMB_AT[]	LCG_AT[]	LCG_APS[]
p3	Income not otherwise charged	AWR[X]	OMB_AT[]	LCG_AT[]	LCG_APS[]
p3	Excluded: Sections 609-618, 671-678 and 803-828 ITTOIA 2005	AWR[]	OMB_AT[]	LCG_AT[]	LCG_APS[]
p3	Exempt Income	AWR[]	OMB_AT[]	LCG_AT[]	LCG_APS[]
p3	Part 6 ITTOIA 2005	AWR[X]	OMB_AT[]	LCG_AT[]	LCG_APS[]
p3		AWR[]	OMB_AT[]	LCG_AT[]	LCG_APS[]
p3	Excluded: Sections 713-748, 751-756 and 769-782 ITTOIA 2005	AWR[]	OMB_AT[]	LCG_AT[]	LCG_APS[]
p3	Foreign Income	AWR[]	OMB_AT[]	LCG_AT[]	LCG_APS[]
p3	Part 8 ITTOIA 2005	AWR[X]	OMB_AT[]	LCG_AT[]	LCG_APS[3]
p3	Offshore Funds - SI2009/3001	AWR[]	OMB_AT[]	LCG_AT[]	LCG_APS[]
p3	Residence & Domicile	AWR[X]	OMB_AT[]	LCG_AT[]	LCG_APS[3]
p3	Double tax relief	AWR[X]	OMB_AT[]	LCG_AT[]	LCG_APS[3]
p3		AWR[]	OMB_AT[]	LCG_AT[]	LCG_APS[]
p3	Transfer of assets abroad	AWR[X]	OMB_AT[]	LCG_AT[]	LCG_APS[]
p3	Remittance basis	AWR[X]	OMB_AT[]	LCG_AT[]	LCG_APS[3]
p3	Exemption for persons not domiciled in the UK	AWR[X]	OMB_AT[]	LCG_AT[]	LCG_APS[3]
p3	Sundry Matters	AWR[]	OMB_AT[]	LCG_AT[]	LCG_APS[]
p3	Enterprise Investment Scheme	AWR[X]	OMB_AT[]	LCG_AT[]	LCG_APS[3]
p3	Seed Enterprise Investment Scheme	AWR[X]	OMB_AT[]	LCG_AT[]	LCG_APS[]
p3		AWR[]	OMB_AT[]	LCG_AT[]	LCG_APS[]
p3	High Income Child Benefit Charge	AWR[X]	OMB_AT[]	LCG_AT[]	LCG_APS[]
p3		AWR[Page 2]	OMB_AT[]	LCG_AT[]	LCG_APS[]
p4	Auto-enrollment	AWR[]	OMB_AT[]	LCG_AT[]	LCG_APS[]
p4	Losses on disposals of shares	AWR[X]	OMB_AT[]	LCG_AT[]	LCG_APS[]
p4	Jointly held property	AWR[]	OMB_AT[]	LCG_AT[]	LCG_APS[]
p4	Anti-avoidance - transactions in securities	AWR[]	OMB_AT[]	LCG_AT[]	LCG_APS[3]
p4	Anti-avoidance - transfer of assets abroad	AWR[]	OMB_AT[]	LCG_AT[]	LCG_APS[]
p4	Pre-owned assets	AWR[X]	OMB_AT[]	LCG_AT[]	LCG_APS[]
p4	Taxation of income of settlements (ADTEC - Including remittance of income from overseas trust)	AWR[X]	OMB_AT[]	LCG_AT[]	LCG_APS[]
p4	Interaction with CGT	AWR[X]	OMB_AT[]	LCG_AT[]	LCG_APS[]
p4	Tax Equalisation	AWR[]	OMB_AT[]	LCG_AT[]	LCG_APS[]
p4	Construction Industry Scheme	AWR[]	OMB_AT[]	LCG_AT[]	LCG_APS[3]
p4	National Minimum Wage/Living Wage	AWR[]	OMB_AT[]	LCG_AT[]	LCG_APS[]
p4	Apprenticeship Levy	AWR[]	OMB_AT[]	LCG_AT[]	LCG_APS[3]
p4	Annual Tax on Enveloped Dwellings	AWR[]	OMB_AT[]	LCG_AT[]	LCG_APS[3]
p4	NATIONAL INSURANCE	AWR[]	OMB_AT[]	LCG_AT[]	LCG_APS[]
p4	Class 1	AWR[X]	OMB_AT[2]	LCG_AT[]	LCG_APS[3]
p4	Classes 1A and 1B	AWR[X]	OMB_AT[2]	LCG_AT[]	LCG_APS[3]
p4	Classes 2 and 4	AWR[X]	OMB_AT[1]	LCG_AT[]	LCG_APS[3]
p4	Class 1 and Class 2 annual maxima	AWR[X]	OMB_AT[2]	LCG_AT[]	LCG_APS[]
p4		AWR[]	OMB_AT[]	LCG_AT[]	LCG_APS[]
p4	Class 4 annual maxima	AWR[X]	OMB_AT[2]	LCG_AT[]	LCG_APS[]
p4	Internationally mobile employees (IND - employee aspects only) - NI38	AWR[]	OMB_AT[]	LCG_AT[]	LCG_APS[]
p4	SSCBA 1992 ss1-10, SI 2001/1004 regs 145 to 148 (including NIM12013)	AWR[]	OMB_AT[]	LCG_AT[]	LCG_APS[]
p4	EC Regulation 883/04, Articles 11 to 16	AWR[]	OMB_AT[]	LCG_AT[]	LCG_APS[]
p4	EC Regulation 1408/71, Articles 13 to 17	AWR[]	OMB_AT[]	LCG_AT[]	LCG_APS[]
p4	Social Security reciprical agreements (specific agreements will be provided in the exam)	AWR[]	OMB_AT[]	LCG_AT[]	LCG_APS[]
p4	Apportionment of NIC for not ordinarily resident employees - TB79	AWR[]	OMB_AT[]	LCG_AT[]	LCG_APS[]
p4	Freeports	AWR[]	OMB_AT[3]	LCG_AT[]	LCG_APS[3]
p4	CAPITAL GAINS TAX	AWR[]	OMB_AT[]	LCG_AT[]	LCG_APS[]
p4	Administration	AWR[]	OMB_AT[]	LCG_AT[]	LCG_APS[]
p4	Administration and payment of tax	AWR[X X X X]	OMB_AT[1]	LCG_AT[1]	LCG_APS[1]
p4	Capital Gains Tax and Corporation Tax on Capital Gains	AWR[]	OMB_AT[]	LCG_AT[]	LCG_APS[]
p4	Capital Gains Tax (excluding residence issues)	AWR[X]	OMB_AT[1]	LCG_AT[]	LCG_APS[]
p4	Capital Gains Tax	AWR[X X]	OMB_AT[]	LCG_AT[]	LCG_APS[3]
p4	Corporation Tax on Chargeable Gains (excluding residence issues)	AWR[]	OMB_AT[1]	LCG_AT[]	LCG_APS[]
p4	Corporation Tax on Chargeable Gains	AWR[X]	OMB_AT[]	LCG_AT[1]	LCG_APS[1]
p4	Attribution of Gains of Non-UK Resident Close Companies	AWR[X X]	OMB_AT[]	LCG_AT[]	LCG_APS[3]
p4	Calculation of tax liability	AWR[X X X X]	OMB_AT[1]	LCG_AT[1]	LCG_APS[1]
p4	Computation of Gains and Acquisitions and Disposals of Assets	AWR[]	OMB_AT[]	LCG_AT[]	LCG_APS[]
p4	Computation of gains and losses	AWR[X X X X]	OMB_AT[1]	LCG_AT[1]	LCG_APS[1]
p4	Use of losses	AWR[X X X X]	OMB_AT[]	LCG_AT[1]	LCG_APS[1]
p4	Transactions treated as made at market value	AWR[X X X X]	OMB_AT[1]	LCG_AT[1]	LCG_APS[1]
p4	Transactions between connected parties	AWR[X X X X]	OMB_AT[1]	LCG_AT[1]	LCG_APS[1]
p4	Disposal in a series of transactions	AWR[X X X X]	OMB_AT[]	LCG_AT[1]	LCG_APS[1]
p4	Assets and disposals of assets (s.21 to s.28 TCGA 1992 - Awareness excludes s.25,s.26 and s.27)	AWR[X X X X]	OMB_AT[]	LCG_AT[1]	LCG_APS[1]
p4		AWR[]	OMB_AT[]	LCG_AT[]	LCG_APS[]
p4	Value shifting (s.29 to s.30 TCGA 1992)	AWR[]	OMB_AT[]	LCG_AT[1]	LCG_APS[1]
p4	Value shifting (s.31 TCGA 1992)	AWR[]	OMB_AT[]	LCG_AT[1]	LCG_APS[1]
p4	Allowable deductions	AWR[X X X X]	OMB_AT[]	LCG_AT[1]	LCG_APS[1]
p4		AWR[Page 3]	OMB_AT[]	LCG_AT[]	LCG_APS[]
p5	Partnerships and Limited Liability Partnerships (trading partnerships only)	AWR[X]	OMB_AT[1]	LCG_AT[]	LCG_APS[]
p5	Nominees and bare trustees	AWR[X]	OMB_AT[]	LCG_AT[]	LCG_APS[]
p5	Death	AWR[X]	OMB_AT[]	LCG_AT[]	LCG_APS[]
p5	Expenses of administration of estate	AWR[]	OMB_AT[]	LCG_AT[]	LCG_APS[]
p5	Tax liability of trustees and personal representatives	AWR[X]	OMB_AT[]	LCG_AT[]	LCG_APS[]
p5	Settlements (s.68 to s.98a TCGA 1992 - Awareness s.68 to s.79B)	AWR[X]	OMB_AT[]	LCG_AT[]	LCG_APS[]
p5	Excluded: Section 61, 99-103 TCGA 1992. Section 63 TCGA 1992 (included for Scottish & NI law candidates)	AWR[]	OMB_AT[]	LCG_AT[]	LCG_APS[]
p5	Shares, Securities, Options etc	AWR[]	OMB_AT[]	LCG_AT[]	LCG_APS[]
p5	Disposal of shares where pooling and identification rules are not required	AWR[X]	OMB_AT[1]	LCG_AT[]	LCG_APS[]
p5	Share pooling, identification of securities and indexation (s.110 TCGA 1992 for TOMC only)	AWR[X]	OMB_AT[]	LCG_AT[1]	LCG_APS[1]
p5	Gilt edged securities and qualifying corporate bonds	AWR[X]	OMB_AT[]	LCG_AT[1]	LCG_APS[1]
p5		AWR[]	OMB_AT[]	LCG_AT[]	LCG_APS[]
p5	Exemption for government non-marketable securities	AWR[X]	OMB_AT[]	LCG_AT[]	LCG_APS[]
p5	Capital distributions on a winding up only including "Phoenix" rules	AWR[X]	OMB_AT[2]	LCG_AT[]	LCG_APS[3]
p5	Disposal of a right to acquire shares or debentures	AWR[X]	OMB_AT[]	LCG_AT[]	LCG_APS[]
p5	Transfer of an asset at undervalue to shareholders of a close company	AWR[X]	OMB_AT[]	LCG_AT[]	LCG_APS[]
p5	Reorganisation or reduction of share capital	AWR[X]	OMB_AT[]	LCG_AT[1]	LCG_APS[1]
p5	Conversion of securities	AWR[X]	OMB_AT[]	LCG_AT[1]	LCG_APS[1]
p5	Company reconstructions	AWR[X]	OMB_AT[]	LCG_AT[1]	LCG_APS[1]
p5	Transfers concerning companies of different member states	AWR[]	OMB_AT[]	LCG_AT[2]	LCG_APS[2]
p5	Stock dividends	AWR[]	OMB_AT[]	LCG_AT[1]	LCG_APS[1]
p5	Options (s.144 - s.144A TCGA 1992)	AWR[X]	OMB_AT[]	LCG_AT[]	LCG_APS[3]
p5	Employment related securities (s.149A to s.149C TCGA 1992)	AWR[X]	OMB_AT[]	LCG_AT[]	LCG_APS[3]
p5	Enterprise Investment Scheme	AWR[X]	OMB_AT[]	LCG_AT[]	LCG_APS[3]
p5	Seed Enterprise Investment Scheme	AWR[X]	OMB_AT[]	LCG_AT[]	LCG_APS[]
p5	Venture Capital Trusts	AWR[]	OMB_AT[]	LCG_AT[]	LCG_APS[3]
p5	Miscellaneous (s.151E to s.151G TCGA 1992)	AWR[]	OMB_AT[]	LCG_AT[2]	LCG_APS[2]
p5	Excluded: Sections 118-120, 124, 150, 151C, 151D TCGA 1992	AWR[]	OMB_AT[]	LCG_AT[]	LCG_APS[]
p5	Transfer of Business Assets	AWR[]	OMB_AT[]	LCG_AT[]	LCG_APS[]
p5	Replacement of business assets	AWR[X X]	OMB_AT[1]	LCG_AT[1]	LCG_APS[1]
p5	Stock in trade	AWR[X X]	OMB_AT[1]	LCG_AT[1]	LCG_APS[1]
p5	Transfer of a business to a company	AWR[X]	OMB_AT[1]	LCG_AT[]	LCG_APS[3]
p5	Gifts of business assets	AWR[X X]	OMB_AT[1]	LCG_AT[]	LCG_APS[3]
p5	Gifts to settlor interested trusts	AWR[]	OMB_AT[]	LCG_AT[]	LCG_APS[]
p5	Business Asset Disposal Relief	AWR[X X X]	OMB_AT[1]	LCG_AT[]	LCG_APS[3]
p5	Investors' relief	AWR[X]	OMB_AT[]	LCG_AT[]	LCG_APS[3]
p5	Companies	AWR[]	OMB_AT[]	LCG_AT[]	LCG_APS[]
p5	Groups and transactions within groups	AWR[X]	OMB_AT[]	LCG_AT[1]	LCG_APS[1]
p5	Losses attributable to depreciatory transactions	AWR[]	OMB_AT[]	LCG_AT[1]	LCG_APS[1]
p5	Anti-gain buying	AWR[X]	OMB_AT[]	LCG_AT[1]	LCG_APS[1]
p5	Companies leaving groups	AWR[X]	OMB_AT[]	LCG_AT[1]	LCG_APS[1]
p5	Non-resident and dual resident companies	AWR[X]	OMB_AT[]	LCG_AT[1]	LCG_APS[1]
p5	Recovery of tax otherwise than from taxpayer company	AWR[]	OMB_AT[]	LCG_AT[1]	LCG_APS[1]
p5	Demergers	AWR[]	OMB_AT[]	LCG_AT[1]	LCG_APS[1]
p5	Substantial shareholding exemption	AWR[X]	OMB_AT[]	LCG_AT[1]	LCG_APS[1]
p5	Excluded: Sections 193-221 TCGA 1992	AWR[]	OMB_AT[]	LCG_AT[]	LCG_APS[]
p5	Other Property, Businesses, Investments etc	AWR[]	OMB_AT[]	LCG_AT[]	LCG_APS[]
p5	Private residences	AWR[X]	OMB_AT[]	LCG_AT[]	LCG_APS[3]
p5	Employee share ownership trusts, Employee-ownership trusts, Registered Pension Schemes	AWR[]	OMB_AT[]	LCG_AT[]	LCG_APS[]
p5	Employee ownership trusts in the context of retirement/succession planning	AWR[]	OMB_AT[3]	LCG_AT[]	LCG_APS[]
p5	Share schemes	AWR[X]	OMB_AT[]	LCG_AT[]	LCG_APS[3]
p5	Leases of land and other assets	AWR[X]	OMB_AT[]	LCG_AT[1]	LCG_APS[1]
p5	Furnished holiday lettings	AWR[X]	OMB_AT[]	LCG_AT[]	LCG_APS[]
p5	Part disposals	AWR[X X X X]	OMB_AT[]	LCG_AT[1]	LCG_APS[1]
p5		AWR[Page 4]	OMB_AT[]	LCG_AT[]	LCG_APS[]
p6	Supplemental	AWR[]	OMB_AT[]	LCG_AT[]	LCG_APS[]
p6	Supplemental matters contained in s.272 to s.291 TCGA 1992	AWR[X X X X]	OMB_AT[]	LCG_AT[1]	LCG_APS[1]
p6	Post transaction valuations	AWR[]	OMB_AT[]	LCG_AT[1]	LCG_APS[1]
p6	Marren v Ingles	AWR[X]	OMB_AT[]	LCG_AT[1]	LCG_APS[1]
p6	CORPORATION TAX	AWR[]	OMB_AT[]	LCG_AT[]	LCG_APS[]
p6	Accounting standards	AWR[]	OMB_AT[]	LCG_AT[]	LCG_APS[]
p6	Impact of accounting standards on taxable profits	AWR[X]	OMB_AT[1]	LCG_AT[1]	LCG_APS[1]
p6	Deferred tax	AWR[]	OMB_AT[]	LCG_AT[1]	LCG_APS[1]
p6	Administration & Computation of Liability	AWR[]	OMB_AT[]	LCG_AT[]	LCG_APS[]
p6	Corporation tax self-assessment system	AWR[X]	OMB_AT[1]	LCG_AT[1]	LCG_APS[1]
p6	Calculation of liability in respect of profits excluding foreign currency	AWR[X]	OMB_AT[1]	LCG_AT[]	LCG_APS[]
p6		AWR[]	OMB_AT[]	LCG_AT[]	LCG_APS[]
p6	Calculation of liability in respect of profits	AWR[]	OMB_AT[]	LCG_AT[1]	LCG_APS[1]
p6	Companies with small profits (ADTEC OMB - single company only)	AWR[X]	OMB_AT[1]	LCG_AT[1]	LCG_APS[1]
p6	Loss relief (AW - post 2017 trade losses, property losses, OMB post 2017 losses)	AWR[X]	OMB_AT[1]	LCG_AT[1]	LCG_APS[1]
p6	Group relief (Awareness module - excluding consortia)	AWR[X]	OMB_AT[]	LCG_AT[1]	LCG_APS[1]
p6	Charitable donations relief	AWR[X]	OMB_AT[1]	LCG_AT[1]	LCG_APS[1]
p6	Leasing plant and machinery - long funding leases only	AWR[]	OMB_AT[]	LCG_AT[1]	LCG_APS[1]
p6	Close companies	AWR[X]	OMB_AT[1]	LCG_AT[]	LCG_APS[3]
p6		AWR[]	OMB_AT[]	LCG_AT[]	LCG_APS[]
p6	Companies in liquidation or administration	AWR[]	OMB_AT[]	LCG_AT[1]	LCG_APS[1]
p6	Change in company ownership	AWR[X]	OMB_AT[1]	LCG_AT[1]	LCG_APS[1]
p6	Tax avoidance involving carried forward losses	AWR[]	OMB_AT[]	LCG_AT[2]	LCG_APS[2]
p6	Transactions in securities	AWR[]	OMB_AT[]	LCG_AT[1]	LCG_APS[1]
p6	Transactions in land	AWR[]	OMB_AT[]	LCG_AT[1]	LCG_APS[1]
p6	Sale and leaseback	AWR[]	OMB_AT[]	LCG_AT[3]	LCG_APS[3]
p6	Miscellaneous provisions - part 22 CTA 2010 Transfers of trade only	AWR[]	OMB_AT[1]	LCG_AT[]	LCG_APS[]
p6	Miscellaneous provisions - part 22 CTA 2010 (exluding Chapters 3, 8, and sections 990 to 995)	AWR[]	OMB_AT[]	LCG_AT[1]	LCG_APS[1]
p6	Company distributions excluding demergers	AWR[X]	OMB_AT[1]	LCG_AT[]	LCG_APS[]
p6		AWR[]	OMB_AT[]	LCG_AT[]	LCG_APS[]
p6	Company distributions	AWR[]	OMB_AT[]	LCG_AT[1]	LCG_APS[1]
p6	Computation of Taxable Profits	AWR[]	OMB_AT[]	LCG_AT[]	LCG_APS[]
p6	The charge to corporation tax and accounting periods	AWR[X]	OMB_AT[1]	LCG_AT[1]	LCG_APS[1]
p6	Company residence and chargeable profits of non-uk resident companies and concept of permanent establishment/branch	AWR[X]	OMB_AT[]	LCG_AT[1]	LCG_APS[1]
p6	Trading income excluding Herd Basis and Other Specific Trades (Awareness excludes Part 3 Chapters 12 to 14)	AWR[X]	OMB_AT[1]	LCG_AT[1]	LCG_APS[1]
p6	Property income (Awareness excludes Part 3 Chapters 7 to 10)	AWR[X]	OMB_AT[]	LCG_AT[1]	LCG_APS[1]
p6		AWR[]	OMB_AT[]	LCG_AT[]	LCG_APS[]
p6	Loan relationships basic principles	AWR[X]	OMB_AT[1]	LCG_AT[]	LCG_APS[]
p6	Loan relationships (exl chapters 7,10,11,13 and 14)	AWR[]	OMB_AT[]	LCG_AT[1]	LCG_APS[1]
p6	Relationships treated as loan relationships (excluding chapters 3,4,5, 6A,9,10 and 11)	AWR[]	OMB_AT[]	LCG_AT[2]	LCG_APS[2]
p6	Derivatives and hedging - basic principles	AWR[]	OMB_AT[]	LCG_AT[2]	LCG_APS[2]
p6	Intangible fixed assets and intellectual property (excluding chapters 16, 16A, 16B and 17)	AWR[X]	OMB_AT[2]	LCG_AT[1]	LCG_APS[1]
p6	Company distributions received - basic principles	AWR[X]	OMB_AT[1]	LCG_AT[]	LCG_APS[]
p6	Company distributions received	AWR[]	OMB_AT[]	LCG_AT[1]	LCG_APS[1]
p6	Income not otherwise charged - chapter 8, part 10 CTA 2009	AWR[]	OMB_AT[1]	LCG_AT[1]	LCG_APS[1]
p6	Relief for employee share acquisition schemes	AWR[]	OMB_AT[1]	LCG_AT[1]	LCG_APS[1]
p6	Corporation tax relief for expenses relating to employment including remuneration, benefits, pension contributions	AWR[]	OMB_AT[1]	LCG_AT[1]	LCG_APS[1]
p6	Research & development intensive companies	AWR[X]	OMB_AT[1]	LCG_AT[1]	LCG_APS[1]
p6	Research and development expenditure credit	AWR[X]	OMB_AT[1]	LCG_AT[1]	LCG_APS[1]
p6	Companies with investment businesses	AWR[X]	OMB_AT[2]	LCG_AT[1]	LCG_APS[1]
p6	Partnerships - company as a partner	AWR[]	OMB_AT[1]	LCG_AT[1]	LCG_APS[1]
p6	Unremittable income	AWR[]	OMB_AT[]	LCG_AT[1]	LCG_APS[1]
p6	General calculation rules - part 20 CTA 2009	AWR[X]	OMB_AT[1]	LCG_AT[1]	LCG_APS[1]
p6		AWR[]	OMB_AT[]	LCG_AT[]	LCG_APS[]
p6		AWR[Page 5]	OMB_AT[]	LCG_AT[]	LCG_APS[]
p7	Patent Box Regime - basic principles	AWR[]	OMB_AT[]	LCG_AT[3]	LCG_APS[3]
p7	Corporate interest restriction	AWR[]	OMB_AT[]	LCG_AT[1]	LCG_APS[1]
p7	Joint ventures	AWR[]	OMB_AT[]	LCG_AT[1]	LCG_APS[1]
p7	Deduction of income tax	AWR[X]	OMB_AT[1]	LCG_AT[1]	LCG_APS[1]
p7	International Movements of Capital	AWR[]	OMB_AT[]	LCG_AT[2]	LCG_APS[2]
p7	Diverted Profits tax	AWR[]	OMB_AT[]	LCG_AT[3]	LCG_APS[3]
p7	Multinational Top Up Tax	AWR[]	OMB_AT[]	LCG_AT[3]	LCG_APS[3]
p7	Domestic Top Up Tax	AWR[]	OMB_AT[]	LCG_AT[3]	LCG_APS[3]
p7	Notification of uncertain tax treatment	AWR[]	OMB_AT[]	LCG_AT[3]	LCG_APS[3]
p7	IR35	AWR[X]	OMB_AT[1]	LCG_AT[]	LCG_APS[3]
p7	CAPITAL ALLOWANCES - post April 2010 rules only will be examined	AWR[]	OMB_AT[]	LCG_AT[]	LCG_APS[]
p7	Part 1 CAA 2001	AWR[]	OMB_AT[1]	LCG_AT[1]	LCG_APS[1]
p7	Plant and machinery allowances	AWR[]	OMB_AT[]	LCG_AT[]	LCG_APS[]
p7	Introduction (s.11 to s.14 CAA 2001)	AWR[X X]	OMB_AT[1]	LCG_AT[1]	LCG_APS[1]
p7	Qualifying activities	AWR[X X]	OMB_AT[1]	LCG_AT[1]	LCG_APS[1]
p7	Qualifying expenditure	AWR[X X]	OMB_AT[1]	LCG_AT[1]	LCG_APS[1]
p7	First year qualifying expenditure	AWR[X X]	OMB_AT[1]	LCG_AT[1]	LCG_APS[1]
p7	Annual Investment Allowance	AWR[X X]	OMB_AT[1]	LCG_AT[1]	LCG_APS[1]
p7		AWR[]	OMB_AT[]	LCG_AT[]	LCG_APS[]
p7	Other allowances and charges	AWR[X X]	OMB_AT[1]	LCG_AT[1]	LCG_APS[1]
p7	Hire purchase etc and plant provided by lessee	AWR[X X]	OMB_AT[1]	LCG_AT[1]	LCG_APS[1]
p7	Long funding leases	AWR[]	OMB_AT[]	LCG_AT[1]	LCG_APS[1]
p7	Computer software	AWR[X X]	OMB_AT[1]	LCG_AT[1]	LCG_APS[1]
p7	Cars etc	AWR[X X]	OMB_AT[1]	LCG_AT[1]	LCG_APS[1]
p7	Short life assets	AWR[X]	OMB_AT[1]	LCG_AT[1]	LCG_APS[1]
p7	Long life assets	AWR[]	OMB_AT[]	LCG_AT[1]	LCG_APS[1]
p7	Special rate expenditure	AWR[X X]	OMB_AT[1]	LCG_AT[1]	LCG_APS[1]
p7	Fixtures	AWR[X X]	OMB_AT[1]	LCG_AT[1]	LCG_APS[1]
p7		AWR[]	OMB_AT[]	LCG_AT[]	LCG_APS[]
p7	Buildings and structures allowances	AWR[X X]	OMB_AT[1]	LCG_AT[1]	LCG_APS[1]
p7	Assets provided or used only partly for qualifying activities	AWR[]	OMB_AT[1]	LCG_AT[1]	LCG_APS[1]
p7	Avoidance involving allowance buying and other anti-avoidance	AWR[]	OMB_AT[]	LCG_AT[3]	LCG_APS[3]
p7	Additional VAT liabilities and rebates (s.234 to s.240 CAA 2001)	AWR[]	OMB_AT[2]	LCG_AT[2]	LCG_APS[2]
p7	Giving effect to allowances and charges	AWR[X X]	OMB_AT[1]	LCG_AT[1]	LCG_APS[1]
p7	Partnerships and successions	AWR[X]	OMB_AT[1]	LCG_AT[]	LCG_APS[]
p7	Use of plant or machinery for business entertainment	AWR[]	OMB_AT[1]	LCG_AT[1]	LCG_APS[1]
p7	Freeports	AWR[]	OMB_AT[3]	LCG_AT[3]	LCG_APS[3]
p7	Excluded: Sections 34-38, 40-43, 127-171, 209-212, 254-261, 270	AWR[]	OMB_AT[]	LCG_AT[]	LCG_APS[]
p7	Research and Development Allowances	AWR[]	OMB_AT[1]	LCG_AT[1]	LCG_APS[1]
p7	Contributions	AWR[]	OMB_AT[2]	LCG_AT[1]	LCG_APS[1]
p7	Supplementary Provisions	AWR[]	OMB_AT[]	LCG_AT[]	LCG_APS[]
p7	Effect of partnership changes	AWR[]	OMB_AT[1]	LCG_AT[]	LCG_APS[]
p7	Successions	AWR[]	OMB_AT[1]	LCG_AT[1]	LCG_APS[1]
p7	Transfers - s.561, 561A CAA 2001	AWR[]	OMB_AT[]	LCG_AT[1]	LCG_APS[1]
p7	Miscellaneous - s.562 -570A CAA 2001	AWR[]	OMB_AT[2]	LCG_AT[1]	LCG_APS[1]
p7	Final provisions - s.571 -581 CAA 2001	AWR[]	OMB_AT[1]	LCG_AT[1]	LCG_APS[1]
p7	Excluded: Parts 3, 3A, 4, 4A, 5, 9, 10; Sections 544-545, 552-556, 560 CAA 2001	AWR[]	OMB_AT[]	LCG_AT[]	LCG_APS[]
p7	INHERITANCE TAX	AWR[]	OMB_AT[]	LCG_AT[]	LCG_APS[]
p7		AWR[Page 6]	OMB_AT[]	LCG_AT[]	LCG_APS[]
p8	Exempt transfers	AWR[]	OMB_AT[]	LCG_AT[]	LCG_APS[]
p8	Exemptions	AWR[X]	OMB_AT[]	LCG_AT[]	LCG_APS[]
p8	Conditional exemptions	AWR[X]	OMB_AT[]	LCG_AT[]	LCG_APS[]
p8	Allocation of exemptions	AWR[X]	OMB_AT[]	LCG_AT[]	LCG_APS[]
p8	Excluded: Sch 4 IHTA 1984	AWR[]	OMB_AT[]	LCG_AT[]	LCG_APS[]
p8	Settled Property	AWR[]	OMB_AT[]	LCG_AT[]	LCG_APS[]
p8	Preliminary provisions	AWR[X]	OMB_AT[]	LCG_AT[]	LCG_APS[]
p8	Interests in possession, reversionary interests and settlement powers	AWR[X]	OMB_AT[]	LCG_AT[]	LCG_APS[]
p8	Settlements without interest in possession	AWR[X]	OMB_AT[]	LCG_AT[]	LCG_APS[]
p8	Miscellaneous	AWR[X]	OMB_AT[]	LCG_AT[]	LCG_APS[]
p8	Excluded: Sections 55A, 57A, 70, 73, 74, 76-79A and 87 IHTA 1984. Pre 27 March 1974 settlements	AWR[]	OMB_AT[]	LCG_AT[]	LCG_APS[]
p8	Reliefs	AWR[]	OMB_AT[]	LCG_AT[]	LCG_APS[]
p8	Business property relief	AWR[X]	OMB_AT[2]	LCG_AT[]	LCG_APS[3]
p8	Agricultural property relief	AWR[X]	OMB_AT[]	LCG_AT[]	LCG_APS[]
p8		AWR[]	OMB_AT[]	LCG_AT[]	LCG_APS[]
p8	Woodlands relief	AWR[]	OMB_AT[]	LCG_AT[]	LCG_APS[]
p8	Transfers in the seven years before death	AWR[X]	OMB_AT[]	LCG_AT[]	LCG_APS[]
p8	Successive charges	AWR[X]	OMB_AT[]	LCG_AT[]	LCG_APS[]
p8	Changes in distribution of deceased's estate	AWR[]	OMB_AT[]	LCG_AT[]	LCG_APS[]
p8	Pension schemes	AWR[]	OMB_AT[]	LCG_AT[]	LCG_APS[]
p8	Armed forces	AWR[]	OMB_AT[]	LCG_AT[]	LCG_APS[]
p8	Non-residents bank accounts	AWR[]	OMB_AT[]	LCG_AT[]	LCG_APS[]
p8	Double taxation relief	AWR[]	OMB_AT[]	LCG_AT[]	LCG_APS[]
p8	Excluded: Sections 148-150, 153-156 IHTA 1984	AWR[]	OMB_AT[]	LCG_AT[]	LCG_APS[]
p8	Valuation	AWR[]	OMB_AT[]	LCG_AT[]	LCG_APS[]
p8	General provisions	AWR[X]	OMB_AT[1]	LCG_AT[]	LCG_APS[]
p8	Estate on death	AWR[X]	OMB_AT[]	LCG_AT[]	LCG_APS[]
p8	Sale of shares from deceased's estate	AWR[X]	OMB_AT[]	LCG_AT[]	LCG_APS[]
p8	Sale of land from deceased's estate	AWR[X]	OMB_AT[]	LCG_AT[]	LCG_APS[]
p8	Excluded: Sections 186A, 186B IHTA 1984	AWR[]	OMB_AT[]	LCG_AT[]	LCG_APS[]
p8	Liability	AWR[]	OMB_AT[]	LCG_AT[]	LCG_APS[]
p8	General rules	AWR[X]	OMB_AT[]	LCG_AT[]	LCG_APS[]
p8	Special cases	AWR[X]	OMB_AT[]	LCG_AT[]	LCG_APS[]
p8	Burden of tax etc	AWR[X]	OMB_AT[]	LCG_AT[]	LCG_APS[]
p8	Administration and Collection	AWR[X]	OMB_AT[]	LCG_AT[]	LCG_APS[]
p8	Excluded: Sections 230-232 IHTA 1984	AWR[]	OMB_AT[]	LCG_AT[]	LCG_APS[]
p8	Miscellaneous and Supplementary	AWR[]	OMB_AT[]	LCG_AT[]	LCG_APS[]
p8	Miscellaneous provisions (Sections 262 - 278 IHTA 1984)	AWR[X]	OMB_AT[]	LCG_AT[]	LCG_APS[]
p8	Gifts with reservation	AWR[X]	OMB_AT[]	LCG_AT[]	LCG_APS[]
p8	Lex situs	AWR[X]	OMB_AT[]	LCG_AT[]	LCG_APS[]
p8	Intestacy	AWR[X]	OMB_AT[]	LCG_AT[]	LCG_APS[]
p8	Liabilities	AWR[X]	OMB_AT[]	LCG_AT[]	LCG_APS[]
p8	Interaction with capital gains tax	AWR[]	OMB_AT[]	LCG_AT[]	LCG_APS[]
p8	VAT	AWR[]	OMB_AT[]	LCG_AT[]	LCG_APS[]
p8	Scope of VAT and the charge to tax	AWR[]	OMB_AT[]	LCG_AT[]	LCG_APS[]
p8	Taxable person	AWR[X]	OMB_AT[]	LCG_AT[]	LCG_APS[3]
p8	Business/economic activity	AWR[X]	OMB_AT[]	LCG_AT[]	LCG_APS[3]
p8	Transactions within the scope of VAT (ie supplies, importations, and intra-Community acquisitions (NI))	AWR[X]	OMB_AT[]	LCG_AT[]	LCG_APS[3]
p8		AWR[Page 7]	OMB_AT[]	LCG_AT[]	LCG_APS[]
p9	Agents and principals	AWR[X]	OMB_AT[]	LCG_AT[]	LCG_APS[3]
p9	Single taxable persons (VAT groups)	AWR[X]	OMB_AT[]	LCG_AT[]	LCG_APS[3]
p9	Public bodies and other similar bodies	AWR[]	OMB_AT[]	LCG_AT[]	LCG_APS[]
p9	Occasional business activities	AWR[]	OMB_AT[]	LCG_AT[]	LCG_APS[]
p9	Occasional intra-Community supplies of new means of transport (NMTs) (NI)	AWR[]	OMB_AT[]	LCG_AT[]	LCG_APS[]
p9	Supply and Consideration	AWR[]	OMB_AT[]	LCG_AT[]	LCG_APS[]
p9	Meaning of supply	AWR[X]	OMB_AT[]	LCG_AT[]	LCG_APS[3]
p9	Meaning of consideration	AWR[X]	OMB_AT[]	LCG_AT[]	LCG_APS[3]
p9	Single v multiple supplies	AWR[X]	OMB_AT[]	LCG_AT[]	LCG_APS[3]
p9	Supply of goods v supply of services	AWR[X]	OMB_AT[]	LCG_AT[]	LCG_APS[3]
p9	Deemed supplies	AWR[X]	OMB_AT[]	LCG_AT[]	LCG_APS[]
p9	Deemed intra-Community supplies (NI)	AWR[X]	OMB_AT[]	LCG_AT[]	LCG_APS[]
p9	Self-supplies	AWR[X]	OMB_AT[]	LCG_AT[]	LCG_APS[3]
p9	TOGCs and other non-supplies	AWR[X]	OMB_AT[]	LCG_AT[]	LCG_APS[3]
p9	Face-value vouchers	AWR[]	OMB_AT[]	LCG_AT[]	LCG_APS[]
p9	Outputs and output tax	AWR[X]	OMB_AT[]	LCG_AT[]	LCG_APS[3]
p9	TOGCs (cross border)	AWR[]	OMB_AT[]	LCG_AT[]	LCG_APS[]
p9	Valuation	AWR[]	OMB_AT[]	LCG_AT[]	LCG_APS[]
p9	Value of supplies - general provisions (s.19 VATA 1994)	AWR[X]	OMB_AT[]	LCG_AT[]	LCG_APS[3]
p9		AWR[]	OMB_AT[]	LCG_AT[]	LCG_APS[]
p9	Value of supplies - specific provisions (Sch. 6 VATA 1994)	AWR[]	OMB_AT[]	LCG_AT[]	LCG_APS[]
p9	Bad debt relief	AWR[X]	OMB_AT[]	LCG_AT[]	LCG_APS[3]
p9	Valuation of intra-Community supplies and acquisitions (general and special provisions (NI)	AWR[]	OMB_AT[]	LCG_AT[]	LCG_APS[]
p9	Valuation on importation (s.21 VATA 1994)	AWR[]	OMB_AT[]	LCG_AT[]	LCG_APS[]
p9	VAT registration	AWR[]	OMB_AT[]	LCG_AT[]	LCG_APS[]
p9	Registration and deregistration	AWR[X]	OMB_AT[]	LCG_AT[]	LCG_APS[3]
p9		AWR[]	OMB_AT[]	LCG_AT[]	LCG_APS[]
p9	Group registration	AWR[X]	OMB_AT[]	LCG_AT[]	LCG_APS[3]
p9	Divisional registration	AWR[]	OMB_AT[]	LCG_AT[]	LCG_APS[]
p9	Registration of partnerships	AWR[X]	OMB_AT[]	LCG_AT[]	LCG_APS[]
p9	Registration of unincorporated bodies	AWR[X]	OMB_AT[]	LCG_AT[]	LCG_APS[]
p9	Registration of a personal representative	AWR[]	OMB_AT[]	LCG_AT[]	LCG_APS[]
p9	HMRC's powers to combat disaggregation of businesses	AWR[]	OMB_AT[]	LCG_AT[]	LCG_APS[]
p9	Registration of non-established businesses	AWR[]	OMB_AT[]	LCG_AT[]	LCG_APS[]
p9	Registration of suppliers of electronically-supplied services (Sch.3A Sch 3B and Sch 3BA VATA 1994)	AWR[]	OMB_AT[]	LCG_AT[]	LCG_APS[]
p9	Registration liability in other territories	AWR[]	OMB_AT[]	LCG_AT[]	LCG_APS[]
p9	Distance selling (NI)	AWR[]	OMB_AT[]	LCG_AT[]	LCG_APS[]
p9	Tax points	AWR[]	OMB_AT[]	LCG_AT[]	LCG_APS[]
p9	Time of supply - general provisions (s.6 VATA 1994)	AWR[X]	OMB_AT[]	LCG_AT[]	LCG_APS[3]
p9	Time of supply - specific provisions (regulations 81-95 SI 1995/2518)	AWR[X]	OMB_AT[]	LCG_AT[]	LCG_APS[3]
p9		AWR[]	OMB_AT[]	LCG_AT[]	LCG_APS[]
p9	Time of intra-Community acquisition (NI)	AWR[]	OMB_AT[]	LCG_AT[]	LCG_APS[]
p9	Time of importation	AWR[]	OMB_AT[]	LCG_AT[]	LCG_APS[]
p9	Right to deduct	AWR[]	OMB_AT[]	LCG_AT[]	LCG_APS[]
p9	Scope of the right to deduct input tax	AWR[X]	OMB_AT[]	LCG_AT[]	LCG_APS[3]
p9	Inputs and input tax	AWR[X]	OMB_AT[]	LCG_AT[]	LCG_APS[3]
p9	Disallowed and "blocked" input tax	AWR[X]	OMB_AT[]	LCG_AT[]	LCG_APS[3]
p9		AWR[]	OMB_AT[]	LCG_AT[]	LCG_APS[]
p9	Refunds of VAT under ss.33, 33A and 33B VATA 1994	AWR[]	OMB_AT[]	LCG_AT[]	LCG_APS[]
p9	Refunds of VAT incurred by non-established businesses	AWR[]	OMB_AT[]	LCG_AT[]	LCG_APS[]
p9	Exceptional claims for VAT relief (regulation 111 SI 1995/2518)	AWR[X]	OMB_AT[]	LCG_AT[]	LCG_APS[]
p9	Partial exemption	AWR[X]	OMB_AT[]	LCG_AT[]	LCG_APS[3]
p9	Capital goods scheme	AWR[X]	OMB_AT[]	LCG_AT[]	LCG_APS[3]
p9	Clawback and payback (regulations 108 and 109)	AWR[]	OMB_AT[]	LCG_AT[]	LCG_APS[]
p9		AWR[]	OMB_AT[]	LCG_AT[]	LCG_APS[]
p9	Place of Transactions	AWR[]	OMB_AT[]	LCG_AT[]	LCG_APS[]
p9		AWR[Page 8]	OMB_AT[]	LCG_AT[]	LCG_APS[]
p10	Place of intra-Community acquisition (NI)	AWR[]	OMB_AT[]	LCG_AT[]	LCG_APS[]
p10	Reliefs and exemptions	AWR[]	OMB_AT[]	LCG_AT[]	LCG_APS[]
p10	Exempt supplies	AWR[X]	OMB_AT[]	LCG_AT[]	LCG_APS[3]
p10	Zero-rated supplies	AWR[X]	OMB_AT[]	LCG_AT[]	LCG_APS[3]
p10	Reduced rated supplies	AWR[X]	OMB_AT[]	LCG_AT[]	LCG_APS[3]
p10	Exports and intra-Community supplies of goods (NI)	AWR[X]	OMB_AT[]	LCG_AT[]	LCG_APS[3]
p10		AWR[]	OMB_AT[]	LCG_AT[]	LCG_APS[]
p10	Relief from VAT on importations (including Postponed VAT Accounting)	AWR[]	OMB_AT[]	LCG_AT[]	LCG_APS[]
p10	Relief from VAT on intra-Community acquisitions (NI)	AWR[]	OMB_AT[]	LCG_AT[]	LCG_APS[]
p10	Simplification mechanisms in respect of intra-Community trade (NI)	AWR[]	OMB_AT[]	LCG_AT[]	LCG_APS[]
p10	VAT reliefs in respect of freezone and warehoused goods	AWR[]	OMB_AT[]	LCG_AT[]	LCG_APS[]
p10	Fiscal warehousing	AWR[]	OMB_AT[]	LCG_AT[]	LCG_APS[]
p10	Fulfilment house due diligence scheme	AWR[]	OMB_AT[]	LCG_AT[]	LCG_APS[]
p10	Accounting and administration	AWR[]	OMB_AT[]	LCG_AT[]	LCG_APS[]
p10	Accounting and record keeping requirements	AWR[X]	OMB_AT[]	LCG_AT[]	LCG_APS[3]
p10	Appeals and reconsiderations	AWR[]	OMB_AT[]	LCG_AT[]	LCG_APS[]
p10	Assessments	AWR[X]	OMB_AT[]	LCG_AT[]	LCG_APS[3]
p10	Claims for overpaid/underclaimed VAT	AWR[]	OMB_AT[]	LCG_AT[]	LCG_APS[]
p10	Criminal offences	AWR[]	OMB_AT[]	LCG_AT[]	LCG_APS[]
p10	Penalties	AWR[X]	OMB_AT[]	LCG_AT[]	LCG_APS[3]
p10	EC sales lists (NI)	AWR[]	OMB_AT[]	LCG_AT[]	LCG_APS[]
p10	Intrastat declarations (NI only to 2025)	AWR[]	OMB_AT[]	LCG_AT[]	LCG_APS[]
p10	Invoicing and other accounting documentation	AWR[X]	OMB_AT[]	LCG_AT[]	LCG_APS[3]
p10	Payments on account	AWR[]	OMB_AT[]	LCG_AT[]	LCG_APS[]
p10	Person liable to pay/account for VAT	AWR[]	OMB_AT[]	LCG_AT[]	LCG_APS[]
p10	Special VAT accounting schemes (eg margin schemes, flat-rate scheme)	AWR[X]	OMB_AT[]	LCG_AT[]	LCG_APS[3]
p10	Tour operators margin scheme	AWR[]	OMB_AT[]	LCG_AT[]	LCG_APS[]
p10	Unjust enrichment	AWR[]	OMB_AT[]	LCG_AT[]	LCG_APS[]
p10	VAT returns	AWR[X]	OMB_AT[]	LCG_AT[]	LCG_APS[3]
p10		AWR[]	OMB_AT[]	LCG_AT[]	LCG_APS[]
p10	VAT representatives	AWR[]	OMB_AT[]	LCG_AT[]	LCG_APS[]
p10	Error-correction procedures	AWR[X]	OMB_AT[]	LCG_AT[]	LCG_APS[3]
p10	Miscellaneous	AWR[]	OMB_AT[]	LCG_AT[]	LCG_APS[]
p10	Anti-avoidance provisions including construction services	AWR[X]	OMB_AT[]	LCG_AT[]	LCG_APS[3]
p10	Missing Trader Intra-Community Fraud (NI)	AWR[]	OMB_AT[]	LCG_AT[]	LCG_APS[]
p10	European Union law (Regulations, Directives, and ECJ case law)	AWR[]	OMB_AT[]	LCG_AT[]	LCG_APS[]
p10	Extra-Statutory Concessions	AWR[]	OMB_AT[]	LCG_AT[]	LCG_APS[]
p10	HMRC powers in respect of VAT	AWR[X]	OMB_AT[]	LCG_AT[]	LCG_APS[3]
p10	Investigations	AWR[]	OMB_AT[]	LCG_AT[]	LCG_APS[]
p10	VAT recovery on employee benefits and expenses	AWR[]	OMB_AT[]	LCG_AT[]	LCG_APS[]
p10	Mutual assistance regime	AWR[]	OMB_AT[]	LCG_AT[]	LCG_APS[]
p10	Notification of uncertain tax treatment	AWR[]	OMB_AT[]	LCG_AT[]	LCG_APS[]
p10	Application in specific circumstances	AWR[]	OMB_AT[]	LCG_AT[]	LCG_APS[]
p10	Acquisitions, disposals and other corporate transactions	AWR[X]	OMB_AT[]	LCG_AT[]	LCG_APS[3]
p10	Charities and other non-profit making bodies	AWR[X]	OMB_AT[]	LCG_AT[]	LCG_APS[]
p10	Works to immovable property	AWR[X]	OMB_AT[]	LCG_AT[]	LCG_APS[]
p10	DIY house builders	AWR[]	OMB_AT[]	LCG_AT[]	LCG_APS[]
p10	Farmers	AWR[]	OMB_AT[]	LCG_AT[]	LCG_APS[]
p10	Financial services	AWR[X]	OMB_AT[]	LCG_AT[]	LCG_APS[3]
p10	Government departments, local authorities and other public bodies	AWR[]	OMB_AT[]	LCG_AT[]	LCG_APS[]
p10	Insolvency & liquidations	AWR[]	OMB_AT[]	LCG_AT[]	LCG_APS[]
p10	Insurance	AWR[]	OMB_AT[]	LCG_AT[]	LCG_APS[]
p10	Partnerships/LLPs	AWR[]	OMB_AT[]	LCG_AT[]	LCG_APS[]
p10	Transactions in immovable property	AWR[X]	OMB_AT[]	LCG_AT[]	LCG_APS[]
p10	International trade	AWR[]	OMB_AT[]	LCG_AT[]	LCG_APS[]
p10		AWR[Page 9]	OMB_AT[]	LCG_AT[]	LCG_APS[]
p11	Administration	AWR[X]	OMB_AT[]	LCG_AT[3]	LCG_APS[3]
p11	Stocks & shares	AWR[X]	OMB_AT[]	LCG_AT[3]	LCG_APS[3]
p11	Rates of charge	AWR[X]	OMB_AT[]	LCG_AT[3]	LCG_APS[3]
p11	Groups of companies	AWR[X]	OMB_AT[]	LCG_AT[3]	LCG_APS[3]
p11	Stamp Duty Reserve Tax	AWR[]	OMB_AT[]	LCG_AT[]	LCG_APS[3]
p11	STAMP DUTY LAND TAX (OR SCOTTISH LBTT EQUIVALENTS)	AWR[]	OMB_AT[]	LCG_AT[]	LCG_APS[]
p11	Note: Candidates may choose whether to answer questions be reference to SDLT or LBTT	AWR[]	OMB_AT[]	LCG_AT[]	LCG_APS[]
p11	Land Transactions	AWR[X]	OMB_AT[]	LCG_AT[3]	LCG_APS[3]
p11	Chargeable interests, transactions and consideration	AWR[X]	OMB_AT[]	LCG_AT[3]	LCG_APS[3]
p11	Amount of tax chargeable	AWR[X]	OMB_AT[]	LCG_AT[3]	LCG_APS[3]
p11	Sale and leaseback relief	AWR[X]	OMB_AT[]	LCG_AT[3]	LCG_APS[3]
p11	Residential property reliefs (s.58A to s.58D FA2003)	AWR[X]	OMB_AT[]	LCG_AT[]	LCG_APS[]
p11	Group relief and reconstruction or acquisition relief	AWR[X]	OMB_AT[]	LCG_AT[3]	LCG_APS[3]
p11	Relief for incorporation of limited liability partnership	AWR[X]	OMB_AT[]	LCG_AT[]	LCG_APS[]
p11	Charities relief	AWR[X]	OMB_AT[]	LCG_AT[]	LCG_APS[]
p11	Returns and other administrative powers	AWR[X]	OMB_AT[]	LCG_AT[]	LCG_APS[3]
p11	Liability for and payment of tax	AWR[X]	OMB_AT[]	LCG_AT[]	LCG_APS[3]
p11	Compliance	AWR[X]	OMB_AT[]	LCG_AT[]	LCG_APS[3]
p11	Application of provisions	AWR[X]	OMB_AT[]	LCG_AT[3]	LCG_APS[3]
p11	Freeports	AWR[]	OMB_AT[]	LCG_AT[]	LCG_APS[]
p11	CUSTOMS DUTIES	AWR[]	OMB_AT[]	LCG_AT[]	LCG_APS[]
p11	Scope of Customs Duties	AWR[]	OMB_AT[]	LCG_AT[]	LCG_APS[]
p11	Types of Duty	AWR[]	OMB_AT[]	LCG_AT[]	LCG_APS[]
p11	Customs territory/union	AWR[]	OMB_AT[]	LCG_AT[]	LCG_APS[]
p11	Customs debtor	AWR[]	OMB_AT[]	LCG_AT[]	LCG_APS[]
p11	Entry into free circulation	AWR[]	OMB_AT[]	LCG_AT[]	LCG_APS[]
p11	Prohibitions and restrictions	AWR[]	OMB_AT[]	LCG_AT[]	LCG_APS[]
p11	Legislative framework in the UK	AWR[]	OMB_AT[]	LCG_AT[]	LCG_APS[]
p11	Delivery terms (Incoterms)	AWR[]	OMB_AT[]	LCG_AT[]	LCG_APS[]
p11	Tariff classification and rate of duty	AWR[]	OMB_AT[]	LCG_AT[]	LCG_APS[]
p11	Rules of classification	AWR[]	OMB_AT[]	LCG_AT[]	LCG_APS[]
p11	Origin	AWR[]	OMB_AT[]	LCG_AT[]	LCG_APS[]
p11	Preference	AWR[]	OMB_AT[]	LCG_AT[]	LCG_APS[]
p11	Tariff quotas & tarrif suspension	AWR[]	OMB_AT[]	LCG_AT[]	LCG_APS[]
p11	ADD / CVD / Safeguard Duty	AWR[]	OMB_AT[]	LCG_AT[]	LCG_APS[]
p11	Customs valuation	AWR[]	OMB_AT[]	LCG_AT[]	LCG_APS[]
p11	Valuation methods	AWR[]	OMB_AT[]	LCG_AT[]	LCG_APS[]
p11	Interaction with valuation for VAT purposes	AWR[]	OMB_AT[]	LCG_AT[]	LCG_APS[]
p11	Special procedures:	AWR[]	OMB_AT[]	LCG_AT[]	LCG_APS[]
p11	Storage	AWR[]	OMB_AT[]	LCG_AT[]	LCG_APS[]
p11	Specific Use	AWR[]	OMB_AT[]	LCG_AT[]	LCG_APS[]
p11	Processing	AWR[]	OMB_AT[]	LCG_AT[]	LCG_APS[]
p11	Transit	AWR[]	OMB_AT[]	LCG_AT[]	LCG_APS[]
p11	Reliefs	AWR[]	OMB_AT[]	LCG_AT[]	LCG_APS[]
p11	Inherited goods relief	AWR[]	OMB_AT[]	LCG_AT[]	LCG_APS[]
p11	Personal import reliefs and allowances	AWR[]	OMB_AT[]	LCG_AT[]	LCG_APS[]
p11		AWR[Page 10]	OMB_AT[]	LCG_AT[]	LCG_APS[]
p12	Appeals and reconsiderations	AWR[]	OMB_AT[]	LCG_AT[]	LCG_APS[]
p12	Authorised Economic Operator	AWR[]	OMB_AT[]	LCG_AT[]	LCG_APS[]
p12	Documentary and evidential requirements	AWR[]	OMB_AT[]	LCG_AT[]	LCG_APS[]
p12	Guarantees, Duty deferment and SIVA	AWR[]	OMB_AT[]	LCG_AT[]	LCG_APS[]
p12	Duty deferment arrangements	AWR[]	OMB_AT[]	LCG_AT[]	LCG_APS[]
p12	Guarantees under the UCC, including individual, comprehensive, reductions and waivers. Guarantees for actual	AWR[]	OMB_AT[]	LCG_AT[]	LCG_APS[]
p12	and potential debts. (NI)	AWR[]	OMB_AT[]	LCG_AT[]	LCG_APS[]
p12	Import entry declaration and procedures	AWR[]	OMB_AT[]	LCG_AT[]	LCG_APS[]
p12	Simplified procedures - CFSP (SDP & LCP)	AWR[]	OMB_AT[]	LCG_AT[]	LCG_APS[]
p12	Simplfied Customs Declaration and Entry In The Declarant's Record (EIDR)	AWR[]	OMB_AT[]	LCG_AT[]	LCG_APS[]
p12	Single Administrative Document	AWR[]	OMB_AT[]	LCG_AT[]	LCG_APS[]
p12	Safety Security Declarations	AWR[]	OMB_AT[]	LCG_AT[]	LCG_APS[]
p12	Trader Support Service (declaration process when moving goods between Great Britain and NI, or bringing goods into	AWR[NI from outside the UK.)]	OMB_AT[]	LCG_AT[]	LCG_APS[]
p12	Common Agricultural Policy (NI)	AWR[]	OMB_AT[]	LCG_AT[]	LCG_APS[]
p12	CAP Import Charges	AWR[]	OMB_AT[]	LCG_AT[]	LCG_APS[]
p12	Import Controls, Licences & Processes	AWR[]	OMB_AT[]	LCG_AT[]	LCG_APS[]
p12	Exports - Licences and Refunds	AWR[]	OMB_AT[]	LCG_AT[]	LCG_APS[]
p12	Exports	AWR[]	OMB_AT[]	LCG_AT[]	LCG_APS[]
p12	Export Controls	AWR[]	OMB_AT[]	LCG_AT[]	LCG_APS[]
p12	NES	AWR[]	OMB_AT[]	LCG_AT[]	LCG_APS[]
p12	Export Procedures - LCP, SDP and DEP	AWR[]	OMB_AT[]	LCG_AT[]	LCG_APS[]
p12	Export Evidence & VAT	AWR[]	OMB_AT[]	LCG_AT[]	LCG_APS[]
p12	Transit and Storage	AWR[]	OMB_AT[]	LCG_AT[]	LCG_APS[]
p12	Temporary Storage facilities	AWR[]	OMB_AT[]	LCG_AT[]	LCG_APS[]
p12	ATA Carnets & TIR	AWR[]	OMB_AT[]	LCG_AT[]	LCG_APS[]
p12	Union Customs Code (Inc implementing and delegated regulations) - Items not elsewhwere specified (NI)	AWR[]	OMB_AT[]	LCG_AT[]	LCG_APS[]
p12	Transitional arrangements including IT transition	AWR[]	OMB_AT[]	LCG_AT[]	LCG_APS[]
p12	Centralised Clearance	AWR[]	OMB_AT[]	LCG_AT[]	LCG_APS[]
p12	Self Assessment	AWR[]	OMB_AT[]	LCG_AT[]	LCG_APS[]
p12	Northern Ireland Protocol	AWR[]	OMB_AT[]	LCG_AT[]	LCG_APS[]
p12	NI 'at risk" goods	AWR[]	OMB_AT[]	LCG_AT[]	LCG_APS[]
p12	Fulfilment House Due Diligence Scheme	AWR[]	OMB_AT[]	LCG_AT[]	LCG_APS[]
p12	Freeports	AWR[]	OMB_AT[]	LCG_AT[]	LCG_APS[]
p12	INSURANCE PREMIUM TAX	AWR[]	OMB_AT[]	LCG_AT[]	LCG_APS[]
p12	Scope of IPT and the charging provisions	AWR[]	OMB_AT[]	LCG_AT[]	LCG_APS[]
p12	Charge to IPT	AWR[]	OMB_AT[]	LCG_AT[]	LCG_APS[]
p12	Meaning of "insurance"	AWR[]	OMB_AT[]	LCG_AT[]	LCG_APS[]
p12	Taxable and non-taxable contracts	AWR[]	OMB_AT[]	LCG_AT[]	LCG_APS[]
p12	Place of risk	AWR[]	OMB_AT[]	LCG_AT[]	LCG_APS[]
p12	Meaning of Premium and Fees	AWR[]	OMB_AT[]	LCG_AT[]	LCG_APS[]
p12	Chargeable amount	AWR[]	OMB_AT[]	LCG_AT[]	LCG_APS[]
p12	Tax points	AWR[]	OMB_AT[]	LCG_AT[]	LCG_APS[]
p12	Basic tax point	AWR[]	OMB_AT[]	LCG_AT[]	LCG_APS[]
p12	Cash received basis	AWR[]	OMB_AT[]	LCG_AT[]	LCG_APS[]
p12	Special accounting scheme	AWR[]	OMB_AT[]	LCG_AT[]	LCG_APS[]
p12		AWR[Page 11]	OMB_AT[]	LCG_AT[]	LCG_APS[]
p13	Registration	AWR[]	OMB_AT[]	LCG_AT[]	LCG_APS[]
p13	Registration and deregistration	AWR[]	OMB_AT[]	LCG_AT[]	LCG_APS[]
p13	Lloyds of London	AWR[]	OMB_AT[]	LCG_AT[]	LCG_APS[]
p13	Groups of companies	AWR[]	OMB_AT[]	LCG_AT[]	LCG_APS[]
p13	Registration of taxable intermediaries	AWR[]	OMB_AT[]	LCG_AT[]	LCG_APS[]
p13	Transfer of a business	AWR[]	OMB_AT[]	LCG_AT[]	LCG_APS[]
p13	Accounting and administration	AWR[]	OMB_AT[]	LCG_AT[]	LCG_APS[]
p13	Accounting and record keeping requirements	AWR[]	OMB_AT[]	LCG_AT[]	LCG_APS[]
p13	Appeals and reconsiderations	AWR[]	OMB_AT[]	LCG_AT[]	LCG_APS[]
p13	Assessments	AWR[]	OMB_AT[]	LCG_AT[]	LCG_APS[]
p13	Bad debts	AWR[]	OMB_AT[]	LCG_AT[]	LCG_APS[]
p13	Credit for tax	AWR[]	OMB_AT[]	LCG_AT[]	LCG_APS[]
p13	Insolvency	AWR[]	OMB_AT[]	LCG_AT[]	LCG_APS[]
p13	Person liable to pay	AWR[]	OMB_AT[]	LCG_AT[]	LCG_APS[]
p13	Returns	AWR[]	OMB_AT[]	LCG_AT[]	LCG_APS[]
p13	EXCISE DUTIES	AWR[]	OMB_AT[]	LCG_AT[]	LCG_APS[]
p13	Alcohol Duty	AWR[]	OMB_AT[]	LCG_AT[]	LCG_APS[]
p13	Dutiable types of alcohol	AWR[]	OMB_AT[]	LCG_AT[]	LCG_APS[]
p13	Statutory definitions of types of alcohol products	AWR[]	OMB_AT[]	LCG_AT[]	LCG_APS[]
p13	Volume, strength and reliefs	AWR[]	OMB_AT[]	LCG_AT[]	LCG_APS[]
p13	Manuafacture of alcoholic products (general awareness), including Alcohol Wholesaler Registration Scheme (AWRS)	AWR[]	OMB_AT[]	LCG_AT[]	LCG_APS[]
p13	Offences and description of penalties	AWR[]	OMB_AT[]	LCG_AT[]	LCG_APS[]
p13	Duty Stamps	AWR[]	OMB_AT[]	LCG_AT[]	LCG_APS[]
p13	Tobacco products	AWR[]	OMB_AT[]	LCG_AT[]	LCG_APS[]
p13	Dutiable tobacco products (including actual duties chargeable)	AWR[]	OMB_AT[]	LCG_AT[]	LCG_APS[]
p13	Registration	AWR[]	OMB_AT[]	LCG_AT[]	LCG_APS[]
p13	Controls and records	AWR[]	OMB_AT[]	LCG_AT[]	LCG_APS[]
p13	Removals & warehousing	AWR[]	OMB_AT[]	LCG_AT[]	LCG_APS[]
p13	Imports	AWR[]	OMB_AT[]	LCG_AT[]	LCG_APS[]
p13	Offences and description of penalties	AWR[]	OMB_AT[]	LCG_AT[]	LCG_APS[]
p13	Excise Warehouse	AWR[]	OMB_AT[]	LCG_AT[]	LCG_APS[]
p13	What goods can be warehoused	AWR[]	OMB_AT[]	LCG_AT[]	LCG_APS[]
p13	Duty suspension	AWR[]	OMB_AT[]	LCG_AT[]	LCG_APS[]
p13	Authorised keepers	AWR[]	OMB_AT[]	LCG_AT[]	LCG_APS[]
p13	Records and accounts	AWR[]	OMB_AT[]	LCG_AT[]	LCG_APS[]
p13	Removals to/from UK warehouse	AWR[]	OMB_AT[]	LCG_AT[]	LCG_APS[]
p13	Operations in warehouse	AWR[]	OMB_AT[]	LCG_AT[]	LCG_APS[]
p13	Excise Movement and Control System (EMCS) and Registered Consignees - UK	AWR[]	OMB_AT[]	LCG_AT[]	LCG_APS[]
p13	What and when required	AWR[]	OMB_AT[]	LCG_AT[]	LCG_APS[]
p13	Registered Consignors	AWR[]	OMB_AT[]	LCG_AT[]	LCG_APS[]
p13	Accounting for duty and Duty Deferment	AWR[]	OMB_AT[]	LCG_AT[]	LCG_APS[]
p13	Accounting and records	AWR[]	OMB_AT[]	LCG_AT[]	LCG_APS[]
p13	Duty Stamps	AWR[]	OMB_AT[]	LCG_AT[]	LCG_APS[]
p13	AGGREGATES LEVY	AWR[]	OMB_AT[]	LCG_AT[]	LCG_APS[]
p13	Scope of the levy and the charging provisions	AWR[]	OMB_AT[]	LCG_AT[]	LCG_APS[]
p13	Charge to aggregates levy	AWR[]	OMB_AT[]	LCG_AT[]	LCG_APS[]
p13		AWR[Page 12]	OMB_AT[]	LCG_AT[]	LCG_APS[]
p14	Responsibility for Exploitation	AWR[]	OMB_AT[]	LCG_AT[]	LCG_APS[]
p14	Weight of aggregate	AWR[]	OMB_AT[]	LCG_AT[]	LCG_APS[]
p14	Imports	AWR[]	OMB_AT[]	LCG_AT[]	LCG_APS[]
p14	Exports	AWR[]	OMB_AT[]	LCG_AT[]	LCG_APS[]
p14	Registration	AWR[]	OMB_AT[]	LCG_AT[]	LCG_APS[]
p14	Registration and deregistration	AWR[]	OMB_AT[]	LCG_AT[]	LCG_APS[]
p14	Groups of companies	AWR[]	OMB_AT[]	LCG_AT[]	LCG_APS[]
p14	Registration of partnerships and unicorporated bodies	AWR[]	OMB_AT[]	LCG_AT[]	LCG_APS[]
p14	Transfers of a business	AWR[]	OMB_AT[]	LCG_AT[]	LCG_APS[]
p14	Tax Representatives	AWR[]	OMB_AT[]	LCG_AT[]	LCG_APS[]
p14	Accounting and administration	AWR[]	OMB_AT[]	LCG_AT[]	LCG_APS[]
p14	Accounting and record keeping requirements	AWR[]	OMB_AT[]	LCG_AT[]	LCG_APS[]
p14	Appeals and reconsiderations	AWR[]	OMB_AT[]	LCG_AT[]	LCG_APS[]
p14	Bad debts	AWR[]	OMB_AT[]	LCG_AT[]	LCG_APS[]
p14	Insolvency	AWR[]	OMB_AT[]	LCG_AT[]	LCG_APS[]
p14	Returns	AWR[]	OMB_AT[]	LCG_AT[]	LCG_APS[]
p14	Credits and repayments	AWR[]	OMB_AT[]	LCG_AT[]	LCG_APS[]
p14	Credits for aggregates levy	AWR[]	OMB_AT[]	LCG_AT[]	LCG_APS[]
p14	Overpayments	AWR[]	OMB_AT[]	LCG_AT[]	LCG_APS[]
p14	CLIMATE CHANGE LEVY	AWR[]	OMB_AT[]	LCG_AT[]	LCG_APS[]
p14	Scope of the levy and the charging provisions	AWR[]	OMB_AT[]	LCG_AT[]	LCG_APS[]
p14	Charge to CCL	AWR[]	OMB_AT[]	LCG_AT[]	LCG_APS[]
p14	Meaning of "taxable commodity"	AWR[]	OMB_AT[]	LCG_AT[]	LCG_APS[]
p14	Taxable supplies	AWR[]	OMB_AT[]	LCG_AT[]	LCG_APS[]
p14	Excluded supplies	AWR[]	OMB_AT[]	LCG_AT[]	LCG_APS[]
p14	Exemptions	AWR[]	OMB_AT[]	LCG_AT[]	LCG_APS[]
p14	Avoidance of double taxation	AWR[]	OMB_AT[]	LCG_AT[]	LCG_APS[]
p14	Deemed supplies	AWR[]	OMB_AT[]	LCG_AT[]	LCG_APS[]
p14	Self-supplies	AWR[]	OMB_AT[]	LCG_AT[]	LCG_APS[]
p14	Time of supply	AWR[]	OMB_AT[]	LCG_AT[]	LCG_APS[]
p14	Time of supply of taxable commodities	AWR[]	OMB_AT[]	LCG_AT[]	LCG_APS[]
p14	Time of deemed supplies	AWR[]	OMB_AT[]	LCG_AT[]	LCG_APS[]
p14	Time of self-supplies	AWR[]	OMB_AT[]	LCG_AT[]	LCG_APS[]
p14	Accounting and administration	AWR[]	OMB_AT[]	LCG_AT[]	LCG_APS[]
p14	Returns and payment of Levy	AWR[]	OMB_AT[]	LCG_AT[]	LCG_APS[]
p14	Accounting and record-keeping requirements	AWR[]	OMB_AT[]	LCG_AT[]	LCG_APS[]
p14	Appeals and reconsiderations	AWR[]	OMB_AT[]	LCG_AT[]	LCG_APS[]
p14	Assessments	AWR[]	OMB_AT[]	LCG_AT[]	LCG_APS[]
p14	Bad debts	AWR[]	OMB_AT[]	LCG_AT[]	LCG_APS[]
p14	Climate Change Agreements	AWR[]	OMB_AT[]	LCG_AT[]	LCG_APS[]
p14	Insolvency	AWR[]	OMB_AT[]	LCG_AT[]	LCG_APS[]
p14	Rates	AWR[]	OMB_AT[]	LCG_AT[]	LCG_APS[]
p14	Rates of CCL	AWR[]	OMB_AT[]	LCG_AT[]	LCG_APS[]
p14	Reduced rates	AWR[]	OMB_AT[]	LCG_AT[]	LCG_APS[]
p14	Registration	AWR[]	OMB_AT[]	LCG_AT[]	LCG_APS[]
p14	Registration and deregistraion	AWR[]	OMB_AT[]	LCG_AT[]	LCG_APS[]
p14	Groups of companies & divisional registration	AWR[]	OMB_AT[]	LCG_AT[]	LCG_APS[]
p14		AWR[Page 13]	OMB_AT[]	LCG_AT[]	LCG_APS[]
p15	Overpayments of CCL including interest	AWR[]	OMB_AT[]	LCG_AT[]	LCG_APS[]
p15	Unjust enrichment and the reimbursement arrangments	AWR[]	OMB_AT[]	LCG_AT[]	LCG_APS[]
p15	LANDFILL TAX	AWR[]	OMB_AT[]	LCG_AT[]	LCG_APS[]
p15	Scope of the tax and the charging provisions	AWR[]	OMB_AT[]	LCG_AT[]	LCG_APS[]
p15	Charge to LFT	AWR[]	OMB_AT[]	LCG_AT[]	LCG_APS[]
p15	Meaning of "taxable disposal"	AWR[]	OMB_AT[]	LCG_AT[]	LCG_APS[]
p15	Amount of tax	AWR[]	OMB_AT[]	LCG_AT[]	LCG_APS[]
p15	Exemptions	AWR[]	OMB_AT[]	LCG_AT[]	LCG_APS[]
p15	Meaning of "disposal at a landfill site"	AWR[]	OMB_AT[]	LCG_AT[]	LCG_APS[]
p15	LFT rates	AWR[]	OMB_AT[]	LCG_AT[]	LCG_APS[]
p15	Calculation of rate of material	AWR[]	OMB_AT[]	LCG_AT[]	LCG_APS[]
p15	Credits and Repayments	AWR[]	OMB_AT[]	LCG_AT[]	LCG_APS[]
p15	LFT credits	AWR[]	OMB_AT[]	LCG_AT[]	LCG_APS[]
p15	Bodies concerned with the environment	AWR[]	OMB_AT[]	LCG_AT[]	LCG_APS[]
p15	Registration	AWR[]	OMB_AT[]	LCG_AT[]	LCG_APS[]
p15	Registration and deregistration	AWR[]	OMB_AT[]	LCG_AT[]	LCG_APS[]
p15	Groups of companies	AWR[]	OMB_AT[]	LCG_AT[]	LCG_APS[]
p15	Registration of partnerships and unincorporated bodies	AWR[]	OMB_AT[]	LCG_AT[]	LCG_APS[]
p15	Transfers of a business	AWR[]	OMB_AT[]	LCG_AT[]	LCG_APS[]
p15	Accounting and administration	AWR[]	OMB_AT[]	LCG_AT[]	LCG_APS[]
p15	Accounting and record keeping requirements	AWR[]	OMB_AT[]	LCG_AT[]	LCG_APS[]
p15	Appeals and reviews	AWR[]	OMB_AT[]	LCG_AT[]	LCG_APS[]
p15	Assessments	AWR[]	OMB_AT[]	LCG_AT[]	LCG_APS[]
p15	Bad debts	AWR[]	OMB_AT[]	LCG_AT[]	LCG_APS[]
p15	Information Powers	AWR[]	OMB_AT[]	LCG_AT[]	LCG_APS[]
p15	Insolvency	AWR[]	OMB_AT[]	LCG_AT[]	LCG_APS[]
p15	Person liable to pay	AWR[]	OMB_AT[]	LCG_AT[]	LCG_APS[]
p15	Returns	AWR[]	OMB_AT[]	LCG_AT[]	LCG_APS[]
p15	PLASTICS PACKAGING TAX (PPT)	AWR[]	OMB_AT[]	LCG_AT[]	LCG_APS[]
p15	Charging of Tax	AWR[]	OMB_AT[]	LCG_AT[]	LCG_APS[]
p15	Charge to PPT	AWR[]	OMB_AT[]	LCG_AT[]	LCG_APS[]
p15	Liability to Pay PPT	AWR[]	OMB_AT[]	LCG_AT[]	LCG_APS[]
p15	Rate	AWR[]	OMB_AT[]	LCG_AT[]	LCG_APS[]
p15	Payment	AWR[]	OMB_AT[]	LCG_AT[]	LCG_APS[]
p15	Exemption and Tax credits	AWR[]	OMB_AT[]	LCG_AT[]	LCG_APS[]
p15	Registration	AWR[]	OMB_AT[]	LCG_AT[]	LCG_APS[]
p15	Liability to register	AWR[]	OMB_AT[]	LCG_AT[]	LCG_APS[]
p15	Notification of liability and registration	AWR[]	OMB_AT[]	LCG_AT[]	LCG_APS[]
p15	Administration and Enforcement	AWR[]	OMB_AT[]	LCG_AT[]	LCG_APS[]
p15	Measurement of weight	AWR[]	OMB_AT[]	LCG_AT[]	LCG_APS[]
p15	Payment, Collection, recovery	AWR[]	OMB_AT[]	LCG_AT[]	LCG_APS[]
p15	Reviews and Appeals	AWR[]	OMB_AT[]	LCG_AT[]	LCG_APS[]
p15	Records	AWR[]	OMB_AT[]	LCG_AT[]	LCG_APS[]
p15	Information & Evidence	AWR[]	OMB_AT[]	LCG_AT[]	LCG_APS[]
p15	Security for Tax	AWR[]	OMB_AT[]	LCG_AT[]	LCG_APS[]
p15	Unicorporated Bodies	AWR[]	OMB_AT[]	LCG_AT[]	LCG_APS[]
p15	Service	AWR[]	OMB_AT[]	LCG_AT[]	LCG_APS[]
p15		AWR[Page 14]	OMB_AT[]	LCG_AT[]	LCG_APS[]
p16	Business Splitting	AWR[]	OMB_AT[]	LCG_AT[]	LCG_APS[]
p16	Death incapacity, insolvency	AWR[]	OMB_AT[]	LCG_AT[]	LCG_APS[]
p16	TOGC	AWR[]	OMB_AT[]	LCG_AT[]	LCG_APS[]
p16	Isle of Man imports and exports	AWR[]	OMB_AT[]	LCG_AT[]	LCG_APS[]
p16	Offences & Penalties	AWR[]	OMB_AT[]	LCG_AT[]	LCG_APS[]
p16	Fraudulent Evasion	AWR[]	OMB_AT[]	LCG_AT[]	LCG_APS[]
p16	Misstatements	AWR[]	OMB_AT[]	LCG_AT[]	LCG_APS[]
p16	Conduct	AWR[]	OMB_AT[]	LCG_AT[]	LCG_APS[]
p16	Criminal Proceedings	AWR[]	OMB_AT[]	LCG_AT[]	LCG_APS[]
p16	LAW, ETHICS & ACCOUNTING CBE material	AWR[]	OMB_AT[]	LCG_AT[]	LCG_APS[X]
p16	Minimum Percentage of Paper Comprising Core Material	AWR[]	OMB_AT[]	LCG_AT[70%]	LCG_APS[]
p16	Notes	AWR[]	OMB_AT[]	LCG_AT[]	LCG_APS[]
p16	1) 1 = core material, 2 = non core material, 3 = awareness	AWR[]	OMB_AT[]	LCG_AT[]	LCG_APS[]
p16	2) For all Advanced Technical papers, it is expected that candidates have a good knowledge of the Law,	AWR[]	OMB_AT[]	LCG_AT[]	LCG_APS[]
p16	Professional Responsibilities and Ethics and Principles of Accounting manuals and so questions may be	AWR[]	OMB_AT[]	LCG_AT[]	LCG_APS[]
p16	set which include terms and concepts relevant to the tax being examined and candidates may be required	AWR[]	OMB_AT[]	LCG_AT[]	LCG_APS[]
p16	to demonstrate an understanding of those terms and concepts and the effect on the tax outcomes in their	AWR[]	OMB_AT[]	LCG_AT[]	LCG_APS[]
p16	answers.	AWR[]	OMB_AT[]	LCG_AT[]	LCG_APS[]
p16	3) For the Human Capital Advanced Technical paper, so far as it is within "Essential Law for Tax	AWR[]	OMB_AT[]	LCG_AT[]	LCG_APS[]
p16	Practitioners", the following may be specifically examined:	AWR[]	OMB_AT[]	LCG_AT[]	LCG_APS[]
p16	a) Employment law.	AWR[]	OMB_AT[]	LCG_AT[]	LCG_APS[]
p16	b) Company law surrounding shares and share schemes.	AWR[]	OMB_AT[]	LCG_AT[]	LCG_APS[]
p16	4) For all Application & Professional Skills questions, the material in the Law, Professional Responsibilities	AWR[]	OMB_AT[]	LCG_AT[]	LCG_APS[]
p16	and Ethics, and Principles of Accounting manuals may be examined.	AWR[]	OMB_AT[]	LCG_AT[]	LCG_APS[]
p16		AWR[Page 15]	OMB_AT[]	LCG_AT[]	LCG_APS[]